Title;Subtitle;Image;Author;Publication;Year;Month;Day;Tag;Reading_Time;Claps;Comment;url;Author_url
Understanding NeRF: Neural Radiance Fields;NaN;1;Varun Bhaseen;The Startup;2020;11;1;Neural Networks;9;72;0;https://medium.com/swlh/nerf-neural-radiance-fields-79531da37734?source=tag_archive---------0-----------------------;https://medium.com/@varun-bhaseen?source=tag_archive---------0-----------------------
 RNN, LSTM, GRU (24/10/2020);RNN ( LSTM  GRU)  Imdb Dataset Classification (+;1;Sirawich Smitsomboon;NaN;2020;11;1;Neural Networks;4;2;0;https://medium.com/@sirawich99/%E0%B8%AA%E0%B8%A3%E0%B8%B8%E0%B8%9B%E0%B8%84%E0%B8%A7%E0%B8%B2%E0%B8%A1%E0%B9%80%E0%B8%82%E0%B9%89%E0%B8%B2%E0%B9%83%E0%B8%88-rnn-lstm-gru-24-10-2020-95602afe3053?source=tag_archive---------1-----------------------;https://medium.com/@sirawich99?source=tag_archive---------1-----------------------
Tutorial on How to Run Inference with OpenVino in 2021;NaN;1;Daniel Merrick;Analytics Vidhya;2020;11;1;Neural Networks;5;14;0;https://medium.com/analytics-vidhya/tutorial-on-how-to-run-inference-with-openvino-in-2021-a96e5e7c99f8?source=tag_archive---------2-----------------------;https://medium.com/@daniel-merrick?source=tag_archive---------2-----------------------
Building an AI 8-Ball with RoBERTa;Can an Artificial Neural Network answer yes/no questions? Signs point to yes.;1;Robert A. Gonsalves;Towards Data Science;2020;11;1;Neural Networks;8;24;0;https://towardsdatascience.com/building-an-ai-8-ball-with-roberta-2bfbf6f5519b?source=tag_archive---------3-----------------------;https://towardsdatascience.com/@robgon?source=tag_archive---------3-----------------------
PARANOID TRANSFORMER;The pre-order of my book, Paranoid Transformer, generated by a bunch of neural;1;Aleksey Tikhonov;Altsoph s blog;2020;11;1;Neural Networks;4;71;0;https://medium.com/altsoph/paranoid-transformer-80a960ddc90a?source=tag_archive---------4-----------------------;https://medium.com/@altsoph?source=tag_archive---------4-----------------------
Simple Data Engineering to Improve Your Machine Learning Results;NaN;1;Kr. Wan;AI In Plain English;2020;11;1;Neural Networks;3;2;0;https://medium.com/ai-in-plain-english/simple-data-engineering-to-improve-your-machine-learning-results-ab99f635582b?source=tag_archive---------5-----------------------;https://medium.com/@krwan?source=tag_archive---------5-----------------------
NEUROPSYCHOLOGYHOW DOES THE HUMAN BRAIN STIMULATE HUMAN BEHAVIOUR ??;Neuropsychology is the study of understanding human behaviour by analysing the complex properties and functionalities of the human brain.;0;Vijayalakshmi K;NaN;2020;11;1;Neural Networks;3;2;0;https://medium.com/@vijayalakshmikirubakaran2001/neuropsychology-how-does-the-human-brain-stimulate-human-behaviour-aa07c07f5959?source=tag_archive---------6-----------------------;https://medium.com/@vijayalakshmikirubakaran2001?source=tag_archive---------6-----------------------
Alex McMillan, Inspirit AI AmbassadorIntro Blog;NaN;1;Alexander McMillan;NaN;2020;11;1;Neural Networks;3;0;0;https://medium.com/@alex-m-mcmillan/alex-mcmillan-inspirit-ai-ambassador-intro-blog-f7eabbdc8e56?source=tag_archive---------7-----------------------;https://medium.com/@alex-m-mcmillan?source=tag_archive---------7-----------------------
Fundamentals of Generative Adversarial Networks;GANsIllustrated, explained and coded;1;James Loy;Towards Data Science;2020;11;2;Neural Networks;9;364;0;https://towardsdatascience.com/fundamentals-of-generative-adversarial-networks-b7ca8c34f0bc?source=tag_archive---------0-----------------------;https://towardsdatascience.com/@jamesloyys?source=tag_archive---------0-----------------------
One-Class Neural Network in Keras;Develop a Convolutional VGG for one-class classification tasks;1;Marco Cerliani;Towards Data Science;2020;11;2;Neural Networks;5;20;0;https://towardsdatascience.com/one-class-neural-network-in-keras-249ff56201c0?source=tag_archive---------1-----------------------;https://towardsdatascience.com/@cerlymarco?source=tag_archive---------1-----------------------
Gradient Descent Learning Rule;;1;Ken Huang; ;2020;11;2;Neural Networks;6;1;0;https://medium.com/%E4%BA%BA%E5%B7%A5%E6%99%BA%E6%85%A7-%E5%80%92%E5%BA%95%E6%9C%89%E5%A4%9A%E6%99%BA%E6%85%A7/%E6%A2%AF%E5%BA%A6%E4%B8%8B%E9%99%8D%E5%AD%B8%E7%BF%92%E6%B3%95-gradient-descent-learning-rule-83e1915f76cb?source=tag_archive---------2-----------------------;https://medium.com/@kenhuang2019?source=tag_archive---------2-----------------------
AI Recreates the Past;Neural networks create synthetic media. They also preserve history.;1;Bruno Sch_;Bloom AI;2020;11;2;Neural Networks;5;0;0;https://medium.com/bloom-ai-blog/ai-recreates-the-past-4108b08b6945?source=tag_archive---------3-----------------------;https://medium.com/@infospheric?source=tag_archive---------3-----------------------
NaN;NaN;0;Tommi Tsuma;Analytics Vidhya;2020;11;2;Neural Networks;6;3;0;https://medium.com/analytics-vidhya/lung-cancer-diagnosis-making-machines-that-think-like-human-beings-6463ca8e33d7?source=tag_archive---------4-----------------------;https://medium.com/@tommytsuma7?source=tag_archive---------4-----------------------
Top Four ways to build Neural Network implementations with Python;NaN;1;Sarah Mason;AI In Plain English;2020;11;2;Neural Networks;3;1;0;https://medium.com/ai-in-plain-english/top-four-ways-to-build-neural-network-implementations-with-python-9e117bf53a94?source=tag_archive---------5-----------------------;https://medium.com/@bysarahmason?source=tag_archive---------5-----------------------
Vision Transformersattention for vision task.;NaN;1;nachiket tanksale;Becoming Human: Artificial Intelligence Magazine;2020;11;3;Neural Networks;4;75;0;https://becominghuman.ai/vision-transformers-attention-for-vision-task-d0ef0fafe119?source=tag_archive---------0-----------------------;https://becominghuman.ai/@nachiket-tanksale?source=tag_archive---------0-----------------------
CUSTOMER BANK CHURN MODELLING WITH MACHINE LEARNING;CHURN ANALYSIS;1;Ashutosh;NaN;2020;11;3;Neural Networks;13;1;0;https://medium.com/@ashutoshkriiest/customer-bank-churn-modelling-with-machine-learning-844fb3ea01c8?source=tag_archive---------1-----------------------;https://medium.com/@ashutoshkriiest?source=tag_archive---------1-----------------------
Concept of AlexNet:- Convolutional Neural Network;NaN;1;Abhijeet Pujara;NaN;2020;11;3;Neural Networks;5;256;0;https://medium.com/@abhijeetpujara/concept-of-alexnet-convolutional-neural-network-6e73b4f9ee30?source=tag_archive---------2-----------------------;https://medium.com/@abhijeetpujara?source=tag_archive---------2-----------------------
Deep Intuition Behind the GANs: From Maths to Code;NaN;1;Vikas Kumar Ojha;NaN;2020;11;3;Neural Networks;8;17;0;https://medium.com/@vikasojha894/deep-intuition-behind-the-gans-from-maths-to-code-ea50c99e656b?source=tag_archive---------3-----------------------;https://medium.com/@vikasojha894?source=tag_archive---------3-----------------------
Demystifying Neural Networks;NaN;1;Ariel Novelli;NaN;2020;11;3;Neural Networks;4;2;0;https://medium.com/@arielnovelli/demystifying-neural-networks-9d3483f3d09d?source=tag_archive---------4-----------------------;https://medium.com/@arielnovelli?source=tag_archive---------4-----------------------
Deep learning Glossary;NaN;1;parvaneh;NaN;2020;11;3;Neural Networks;5;1;0;https://medium.com/@parvanehshafiei/deep-learning-glossary-d65d14130dcb?source=tag_archive---------5-----------------------;https://medium.com/@parvanehshafiei?source=tag_archive---------5-----------------------
Deep Residual Shrinkage Networks: A New Deep Learning Method for Highly Noised Data;NaN;1;Minghang Zhao;NaN;2020;11;3;Neural Networks;3;1;0;https://medium.com/@minghang-zhao/deep-residual-shrinkage-networks-a-new-deep-learning-method-for-highly-noised-data-d12e64f624b?source=tag_archive---------6-----------------------;https://medium.com/@minghang-zhao?source=tag_archive---------6-----------------------
The Approaching Paradigm;~ how neural networks will speed software by orders of magnitude ~;1;Anthony Repetto;Towards Data Science;2020;11;4;Neural Networks;10;6;0;https://towardsdatascience.com/the-approaching-paradigm-5b5358bd1797?source=tag_archive---------0-----------------------;https://towardsdatascience.com/@oaklandthinktank?source=tag_archive---------0-----------------------
Knowledge Graph (KG) Context in Deep Learning Approaches;NaN;1;SDA Research;NaN;2020;11;4;Neural Networks;6;22;0;https://medium.com/@sda-research/knowledge-graph-kg-context-in-deep-learning-approaches-4d75ebb48ca6?source=tag_archive---------1-----------------------;https://medium.com/@sda-research?source=tag_archive---------1-----------------------
Astounding differences in the price of Cloud GPU instances;NaN;1;Jagane Sundar;InfinStor;2020;11;4;Neural Networks;3;55;0;https://medium.com/infinstor/astounding-differences-in-the-price-of-cloud-gpu-instances-7d4f4d1dde21?source=tag_archive---------2-----------------------;https://medium.com/@jagane_sundar?source=tag_archive---------2-----------------------
Lets make Machines Learn!;NaN;1;Shreesh Swaraj;DSC, IIIT Allahabad;2020;11;4;Neural Networks;5;196;0;https://medium.com/developer-student-clubs-iiit-allahabad/lets-make-machines-learn-93ac2d50aa27?source=tag_archive---------3-----------------------;https://medium.com/@shreeswa?source=tag_archive---------3-----------------------
Activation Function & Its Type In Neural Network;NaN;1;Anurag Upadhyay;NaN;2020;11;4;Neural Networks;5;1;0;https://medium.com/@uanurag6212/activation-function-its-type-in-neural-network-87af747e2f6d?source=tag_archive---------4-----------------------;https://medium.com/@uanurag6212?source=tag_archive---------4-----------------------
Things to know about Conventional Neutron Network (CNN);NaN;1;Londyn;Analytics Vidhya;2020;11;4;Neural Networks;2;0;0;https://medium.com/analytics-vidhya/things-to-know-about-conventional-neutron-network-cnn-56656eb70e4?source=tag_archive---------5-----------------------;https://medium.com/@smallkid?source=tag_archive---------5-----------------------
Activation Functions In Deep Learning.;NaN;1;Sailaja Karra;NaN;2020;11;4;Neural Networks;5;1;0;https://medium.com/@sailajakarra/activation-functions-in-deep-learning-2d96d7a07b96?source=tag_archive---------6-----------------------;https://medium.com/@sailajakarra?source=tag_archive---------6-----------------------
NNN: Neural Networks for NoobsPart 4;In the neural candy shop.;1;Niklas G tz;The Glass Bead Game;2020;11;4;Neural Networks;7;0;0;https://medium.com/the-glass-bead-game/nnn-neural-networks-for-noobs-part-4-c98564f7e056?source=tag_archive---------7-----------------------;https://medium.com/@goetz.niklas?source=tag_archive---------7-----------------------
The math behind Gradient Descent and Backpropagation. Code example in Java using Deeplearning4J.;NaN;1;Enghin Omer;Towards Data Science;2020;11;5;Neural Networks;15;57;0;https://towardsdatascience.com/the-math-behind-gradient-descent-and-backpropagation-code-example-in-java-using-deeplearning4j-f7340f137ca5?source=tag_archive---------0-----------------------;https://towardsdatascience.com/@omer-enghin?source=tag_archive---------0-----------------------
Ignorance is Bliss: Adversarial Robustness by Design with LightOn OPUs;To appear at the Beyond;1;LightOn;NaN;2020;11;5;Neural Networks;5;234;0;https://medium.com/@LightOnIO/ignorance-is-bliss-adversarial-robustness-by-design-with-lighton-opus-4f143fa629b?source=tag_archive---------1-----------------------;https://medium.com/@LightOnIO?source=tag_archive---------1-----------------------
Common Sense Is Not So Common; COMMON SENSE is the Dark Matter of Artificial Intelligence.;1;Sparsh Chadha;Nerd For Tech;2020;11;5;Neural Networks;7;636;0;https://medium.com/nerd-for-tech/common-sense-is-not-so-common-ca28dfbf9ce7?source=tag_archive---------2-----------------------;https://medium.com/@sparsh-chadha27?source=tag_archive---------2-----------------------
Sinirsel Stil Transferi;Bir sanatnn tarzn baka bir eserde grmek istemi miydiniz? Yapay sitil;1;Serkan Kaan Bah i;novaresearchlab;2020;11;5;Neural Networks;5;55;0;https://medium.com/novaresearchlab/sinirsel-stil-transferi-3c7ecb8adbf7?source=tag_archive---------3-----------------------;https://medium.com/@srknbhs?source=tag_archive---------3-----------------------
Automating Invoice Data Extraction with Deep Learning;NaN;1;Rejoy Nair;Re-Invent with Digital Business Transformation;2020;11;5;Neural Networks;4;0;0;https://medium.com/digital-transformation-for-enterprises/automating-invoice-data-extraction-with-deep-learning-fb9972900a70?source=tag_archive---------4-----------------------;https://medium.com/@rejoy-nair?source=tag_archive---------4-----------------------
Why all of us can learn more about life and football from adolescents unfiltered and;NaN;1;Zubin J;NaN;2020;11;5;Neural Networks;5;1;0;https://medium.com/@zubinjhaveri/why-all-of-us-can-learn-more-about-life-and-football-from-adolescents-unfiltered-and-2b25aba69419?source=tag_archive---------5-----------------------;https://medium.com/@zubinjhaveri?source=tag_archive---------5-----------------------
NaN;What do we know about;1;Johann Huber;Towards Data Science;2020;11;6;Neural Networks;28;374;0;https://towardsdatascience.com/batch-normalization-in-3-levels-of-understanding-14c2da90a338?source=tag_archive---------0-----------------------;https://towardsdatascience.com/@jtkarl?source=tag_archive---------0-----------------------
How to implement an Adam Optimizer from Scratch;Its not as hard as you think!;1;Enoch Kan;Towards Data Science;2020;11;6;Neural Networks;3;86;0;https://towardsdatascience.com/how-to-implement-an-adam-optimizer-from-scratch-76e7b217f1cc?source=tag_archive---------1-----------------------;https://towardsdatascience.com/@enoch-kan?source=tag_archive---------1-----------------------
Using ResNets to Detect Anomalies in Industrial IoT Textile Production;NaN;1;Martin Isaksson;Towards Data Science;2020;11;6;Neural Networks;5;11;0;https://towardsdatascience.com/using-resnets-to-detect-anomalies-in-industrial-iot-textile-production-42da77d49ad2?source=tag_archive---------2-----------------------;https://towardsdatascience.com/@martinisaksson?source=tag_archive---------2-----------------------
Yapay Sinir Alarnda Kullanlan Optimizasyon Algoritmalar;NaN;1;ABDULLAH ATCILI;NaN;2020;11;6;Neural Networks;7;256;0;https://medium.com/@abdullahatcili/yapay-sinir-a%C4%9Flar%C4%B1nda-kullan%C4%B1lan-optimizasyon-algoritmalar%C4%B1-3e87cd738cb5?source=tag_archive---------3-----------------------;https://medium.com/@abdullahatcili?source=tag_archive---------3-----------------------
     . .1;NaN;1;Osaulenko V.M.;NaN;2020;11;6;Neural Networks;10;6;0;https://medium.com/@osaulenko-vm/how-much-info-is-transferred-in-nn-25c84f67e46f?source=tag_archive---------4-----------------------;https://medium.com/@osaulenko-vm?source=tag_archive---------4-----------------------
Tale of a single layer of A Neural Net;Layer in a Neural-Net Architecture;1;Salil Kumar;AI In Plain English;2020;11;6;Neural Networks;3;51;0;https://medium.com/ai-in-plain-english/tale-of-a-single-layer-of-a-neural-net-764e8a9a72cd?source=tag_archive---------5-----------------------;https://medium.com/@sangha48?source=tag_archive---------5-----------------------
IEEE Best Paper: Automatic Generation of Data Visualizations Using Sequence-to-Sequence Recurrent Neural Networks;NaN;1;Srinevetha A R;NaN;2020;11;6;Neural Networks;1;517;0;https://medium.com/@arsrinevetha/ieee-best-paper-automatic-generation-of-data-visualizations-using-sequence-to-sequence-recurrent-843622a140ef?source=tag_archive---------6-----------------------;https://medium.com/@arsrinevetha?source=tag_archive---------6-----------------------
The Truth about A.I.Stop Believing the Lies;This;1;Jesse Spencer-Davenport;The Innovation;2020;11;6;Neural Networks;14;2;0;https://medium.com/the-innovation/the-truth-about-a-i-stop-believing-the-lies-85748297839e?source=tag_archive---------7-----------------------;https://medium.com/@jesse-spencer-davenport?source=tag_archive---------7-----------------------
MIPT team is selected for Amazon Alexa multimillion-dollar university challenge;NaN;1;Moscow Institute of Physics and Technology;NaN;2020;11;6;Neural Networks;2;1;0;https://medium.com/@mipt/mipt-team-is-selected-for-amazon-alexa-multimillion-dollar-university-challenge-e9e1c472337c?source=tag_archive---------8-----------------------;https://medium.com/@mipt?source=tag_archive---------8-----------------------
What we learn vs. what we know;The runaway train of machine (and deep) learning has, in my opinion, reached an alarming levelalarming;1;Walid Saba, PhD;ONTOLOGIK;2020;11;7;Neural Networks;8;96;0;https://medium.com/ontologik/what-we-learn-vs-what-we-know-1569e3fac3c9?source=tag_archive---------0-----------------------;https://medium.com/@ontologik?source=tag_archive---------0-----------------------
Deep LearningAll Optimizers Explained;Different Types of Optimizers in Deep Learning;1;Vishal Mishra;The Startup;2020;11;7;Neural Networks;7;104;0;https://medium.com/swlh/deep-learning-all-optimizers-explained-b9f54e8e1150?source=tag_archive---------1-----------------------;https://medium.com/@vishalmishra2k20?source=tag_archive---------1-----------------------
Bias and Variance;How to deal with Bias and Variance?;1;Salil Kumar;AI In Plain English;2020;11;7;Neural Networks;4;59;0;https://medium.com/ai-in-plain-english/bias-and-variance-3290edd0850d?source=tag_archive---------2-----------------------;https://medium.com/@sangha48?source=tag_archive---------2-----------------------
Can Neural Networks Fly?;For centuries people have been staring at the stars. Is that possible for;1;Elena Margatskaya;The Startup;2020;11;7;Neural Networks;13;86;0;https://medium.com/swlh/can-neural-networks-fly-16ca829872af?source=tag_archive---------3-----------------------;https://medium.com/@braininabox?source=tag_archive---------3-----------------------
Introduction to Deep Learning Using Keras and TensorflowPart1;NaN;1;Rhnyewale;NaN;2020;11;7;Neural Networks;7;2;0;https://medium.com/@rhnyewale/introduction-to-deep-learning-using-keras-and-tensorflow-part1-e3c6d342ada8?source=tag_archive---------4-----------------------;https://medium.com/@rhnyewale?source=tag_archive---------4-----------------------
Learning The TensorFlow Way of Linear Regression;Using TensorFlow;1;Bhanu Soni;AI In Plain English;2020;11;7;Neural Networks;4;50;0;https://medium.com/ai-in-plain-english/learning-the-tensorflow-way-of-linear-regression-30607161c2ef?source=tag_archive---------5-----------------------;https://medium.com/@sonibhanu06?source=tag_archive---------5-----------------------
Halloween with Generative Adversarial Networks;NaN;1;Gayan Samuditha;Expo-MAS;2020;11;7;Neural Networks;3;0;0;https://medium.com/expo-mas/halloween-with-generative-adversarial-networks-1231340403e5?source=tag_archive---------6-----------------------;https://medium.com/@gayansamuditha?source=tag_archive---------6-----------------------
Implementing a neural network to detect fake news;This article is the first chapter in a three chapter;1;Isaac Kennedy Diniz Gomes;NaN;2020;11;7;Neural Networks;5;50;0;https://medium.com/@isaac-kennedy/implementing-a-neural-network-to-detect-fake-news-e6c2815b6641?source=tag_archive---------7-----------------------;https://medium.com/@isaac-kennedy?source=tag_archive---------7-----------------------
Implementing a neural network to detect fake news;This article is the third chapter in a three chapter series on the creation and optimization of a deep neural network to identify and classify if a news;0;Isaac Kennedy Diniz Gomes;NaN;2020;11;7;Neural Networks;3;50;0;https://medium.com/@isaac-kennedy/implementing-a-neural-network-to-detect-fake-news-42bb49218c9c?source=tag_archive---------8-----------------------;https://medium.com/@isaac-kennedy?source=tag_archive---------8-----------------------
Implementing a neural network to detect fake news;This article is the second chapter in a three chapter series on the creation and optimization of a deep neural network to identify and classify if a news;0;Isaac Kennedy Diniz Gomes;NaN;2020;11;7;Neural Networks;4;50;0;https://medium.com/@isaac-kennedy/implementing-a-neural-network-to-detect-fake-news-cd984515ee92?source=tag_archive---------9-----------------------;https://medium.com/@isaac-kennedy?source=tag_archive---------9-----------------------
Google can now guess the song you hum!;Google has answered this prayer for sooo many of us. On October 15 2020 this new interactive;1;Nikita Gawde;NaN;2020;11;7;Neural Networks;3;0;0;https://medium.com/@gawdenikita10/google-can-now-guess-the-song-you-hum-e9c843f68673?source=tag_archive---------10-----------------------;https://medium.com/@gawdenikita10?source=tag_archive---------10-----------------------
Deriving the Backpropagation Equations from Scratch (Part 1);Gaining more insight into how neural;1;Thomas Kurbiel;Towards Data Science;2020;11;8;Neural Networks;7;14;0;https://towardsdatascience.com/deriving-the-backpropagation-equations-from-scratch-part-1-343b300c585a?source=tag_archive---------0-----------------------;https://towardsdatascience.com/@tkurbiel?source=tag_archive---------0-----------------------
Spektral: Streamlining Graph Convolution Networks;relationships are complicated;1;Mark Cleverley;The Startup;2020;11;8;Neural Networks;5;32;0;https://medium.com/swlh/spektral-streamlining-graph-convolution-networks-111ce5045c83?source=tag_archive---------1-----------------------;https://medium.com/@mark-s-cleverley?source=tag_archive---------1-----------------------
Web scraping from Wikipedia pages using Python;NaN;1;Garima Singh;Nerd For Tech;2020;11;8;Neural Networks;9;193;0;https://medium.com/nerd-for-tech/web-scraping-from-wikipedia-pages-using-python-6a7cff679a22?source=tag_archive---------2-----------------------;https://medium.com/@garingh128?source=tag_archive---------2-----------------------
Activation Functions in Neural Networks;Activation Function;1;akhil anand;AI In Plain English;2020;11;8;Neural Networks;5;17;0;https://medium.com/ai-in-plain-english/activation-functions-in-neural-networks-3d8211678fb2?source=tag_archive---------3-----------------------;https://medium.com/@akhilanandkspa?source=tag_archive---------3-----------------------
Flower Classification with CNNs;What is Image Classification?;1;Jayita Bhattacharyya;NaN;2020;11;8;Neural Networks;13;0;0;https://medium.com/@jayitab25/deep-learning-is-a-vast-field-so-let-us-narrow-our-focus-a-bit-and-take-up-the-challenge-of-9deeabd4bab9?source=tag_archive---------4-----------------------;https://medium.com/@jayitab25?source=tag_archive---------4-----------------------
Computer Vision: A Key Concept to Solve Many Problems Related to Image Data;NaN;1;Likhitha kakanuru;Analytics Vidhya;2020;11;8;Neural Networks;4;51;0;https://medium.com/analytics-vidhya/computer-vision-a-key-concept-to-solve-many-problems-related-to-image-data-168c22d26bcc?source=tag_archive---------5-----------------------;https://medium.com/@likhithakakanuru?source=tag_archive---------5-----------------------
Activation Function & Its Type In Neural Network (Part 2);NaN;1;Anurag Upadhyay;NaN;2020;11;8;Neural Networks;5;1;0;https://medium.com/@uanurag6212/activation-function-its-type-in-neural-network-part-2-6d9efffea62?source=tag_archive---------6-----------------------;https://medium.com/@uanurag6212?source=tag_archive---------6-----------------------
DARPA Challenge in a sandbox;When online education was getting popular, I took a course at ai-class.com. Then I got an idea of creating a;1;Sergey Royz;NaN;2020;11;8;Neural Networks;2;0;0;https://medium.com/@zjor/darpa-challenge-in-a-sandbox-661eb173adb9?source=tag_archive---------7-----------------------;https://medium.com/@zjor?source=tag_archive---------7-----------------------
How to Learn Machine Learning & Data Science in 2020;The Best Course to Start withfrom Linear;1;Travis TangVoon Hao);Towards Data Science;2020;11;9;Neural Networks;14;241;0;https://towardsdatascience.com/how-to-learn-machine-learning-data-science-in-2020-5233e766e0af?source=tag_archive---------0-----------------------;https://towardsdatascience.com/@travistangvh?source=tag_archive---------0-----------------------
MAFAT Radar Challenge: Solution by Axon Pulse;Radar target classificationis it human or an animal?;1;Axon Pulse;Axon Pulse;2020;11;9;Neural Networks;8;141;0;https://medium.com/axon-pulse/mafat-radar-challenge-solution-by-axon-pulse-a4f082e62b3e?source=tag_archive---------1-----------------------;https://medium.com/@axon-pulse?source=tag_archive---------1-----------------------
Predicting Loan Defaults using Deep Learning with Keras & Tensorflow;NaN;1;Sarathi Balakrishnan;NaN;2020;11;9;Neural Networks;8;0;0;https://medium.com/@sarathi-tech/predicting-loan-defaults-using-deep-learning-with-keras-tensorflow-78a15b196e65?source=tag_archive---------2-----------------------;https://medium.com/@sarathi-tech?source=tag_archive---------2-----------------------
The effortless way to process images with OpenCV Canny algorithm;NaN;1;Martynas Pocius;Towards Data Science;2020;11;9;Neural Networks;8;4;0;https://towardsdatascience.com/the-effortless-way-to-process-images-with-opencv-canny-algorithm-9c636d8a017a?source=tag_archive---------3-----------------------;https://towardsdatascience.com/@martinpocius?source=tag_archive---------3-----------------------
Neural Networks Intuitions: 10. BYOL- Paper Explanation;Welcome everyone!;1;Raghul Asokan;The Startup;2020;11;9;Neural Networks;7;101;0;https://medium.com/swlh/neural-networks-intuitions-10-byol-paper-explanation-f8b1d6e83b1c?source=tag_archive---------4-----------------------;https://medium.com/@raghul-719?source=tag_archive---------4-----------------------
Introduction Neural Networks Using RSimple Example & Implementation;NaN;1;Riza Purnaramadhan;NaN;2020;11;9;Neural Networks;5;17;0;https://medium.com/@rizapurnaramadhan/introduction-neural-networks-using-r-simple-example-implementation-41d312f003e4?source=tag_archive---------5-----------------------;https://medium.com/@rizapurnaramadhan?source=tag_archive---------5-----------------------
The basics of Neural NetworksPart I;Have you ever heard about Neural Networks and thought that this particular subject is way;1;Vitor dos Santos;NaN;2020;11;9;Neural Networks;7;0;0;https://medium.com/@vitorgabo/the-basics-of-neural-networks-part-i-72725f3de050?source=tag_archive---------6-----------------------;https://medium.com/@vitorgabo?source=tag_archive---------6-----------------------
Fundamentos de Deep Learning na prtica (parte 1);NaN;1;Matheus de Andrade Silva;NaN;2020;11;9;Neural Networks;8;1;0;https://medium.com/@matheus-mas132/fundamentos-de-deep-learning-na-pr%C3%A1tica-parte-1-1ff29d0b4c50?source=tag_archive---------7-----------------------;https://medium.com/@matheus-mas132?source=tag_archive---------7-----------------------
Deepl: El traductor automtico basado en redes neuronales;NaN;1;Natalie Vielma Vinci;qu4nt;2020;11;9;Neural Networks;4;0;0;https://medium.com/qu4nt/deepl-el-traductor-autom%C3%A1tico-basado-en-redes-neuronales-c70fb272e769?source=tag_archive---------8-----------------------;https://medium.com/@natalievinci?source=tag_archive---------8-----------------------
Adversarial attacks (Part 2)- building trust in deep learning models;NaN;1;Arjuna Anand;ML Wonders;2020;11;9;Neural Networks;3;0;0;https://medium.com/ml-wonders/adversarial-attacks-part-2-building-trust-in-deep-learning-models-d427530f978e?source=tag_archive---------9-----------------------;https://medium.com/@arjunaanand?source=tag_archive---------9-----------------------
5 Neural network architectures you must know for Computer Vision;In this article, I list my top 5;1;Akash Shastri;Towards Data Science;2020;11;10;Neural Networks;7;272;0;https://towardsdatascience.com/5-neural-network-architectures-you-must-know-for-computer-vision-31d2991fe24e?source=tag_archive---------0-----------------------;https://towardsdatascience.com/@akashgshastri?source=tag_archive---------0-----------------------
Why I use Fastai and you should too.;This is part 1 of a multipart series: The things I love the most;1;Akash Shastri;Towards Data Science;2020;11;10;Neural Networks;7;123;0;https://towardsdatascience.com/why-i-use-fastai-and-you-should-too-a421f6c99508?source=tag_archive---------1-----------------------;https://towardsdatascience.com/@akashgshastri?source=tag_archive---------1-----------------------
Boosting Data Value with Neural Embeddings;By Bernard Abayowa, 84.51 Director of Data Science;1;Bernard Abayowa;84.51 ;2020;11;10;Neural Networks;9;7;0;https://medium.com/8451/boosting-data-value-with-neural-embeddings-e7c3e1af25de?source=tag_archive---------2-----------------------;https://medium.com/@bernardabayowa?source=tag_archive---------2-----------------------
How to set up fastai for Deep Learning in colab;How to quickly set up a colab notebook for training;1;Ming Lun Wu;NaN;2020;11;10;Neural Networks;3;0;0;https://medium.com/@minglwu427/how-to-set-up-fastai-for-deep-learning-in-colab-6665dfbcfe17?source=tag_archive---------3-----------------------;https://medium.com/@minglwu427?source=tag_archive---------3-----------------------
The challenges and opportunities of gesture recognition;NaN;1;Wojciech Marusarz;nexocode;2020;11;10;Neural Networks;12;41;0;https://medium.com/nexocode/the-challenges-and-opportunities-of-gesture-recognition-39686e653527?source=tag_archive---------4-----------------------;https://medium.com/@w.marusarz?source=tag_archive---------4-----------------------
The basics of Neural NetworksPart II;In the previous article of the series, we talked about Neural Networks, giving an;1;Vitor dos Santos;NaN;2020;11;10;Neural Networks;6;1;0;https://medium.com/@vitorgabo/the-basics-of-neural-networks-part-ii-7bf7ac772102?source=tag_archive---------5-----------------------;https://medium.com/@vitorgabo?source=tag_archive---------5-----------------------
Deep learning pipeline for Natural Language Processing (NLP);In this article, I will explore the;1;Bauyrjan Jyenis;Towards Data Science;2020;11;11;Neural Networks;16;93;0;https://towardsdatascience.com/deep-learning-pipeline-for-natural-language-processing-nlp-c6f4074897bb?source=tag_archive---------0-----------------------;https://towardsdatascience.com/@b-jyenis?source=tag_archive---------0-----------------------
Time Series and How to Detect Anomalies in ThemPart II;Implementation of ARIMA, CNN, and LSTM;1;Khanin Artur;Becoming Human: Artificial Intelligence Magazine;2020;11;11;Neural Networks;10;278;0;https://becominghuman.ai/time-series-and-how-to-detect-anomalies-in-them-part-ii-bde9e69d0aaf?source=tag_archive---------1-----------------------;https://becominghuman.ai/@khaninartur?source=tag_archive---------1-----------------------
NaN;Guide on how to deal with this hell;1;Denis Shilov;Towards Data Science;2020;11;11;Neural Networks;4;51;0;https://towardsdatascience.com/thousands-of-csv-files-keras-and-tensorflow-96182f7fabac?source=tag_archive---------2-----------------------;https://towardsdatascience.com/@mixeden?source=tag_archive---------2-----------------------
Optimization of CNN Architecture using Genetic Algorithm for Image Classification;NaN;1;Sai Nivedh Vallala;NaN;2020;11;11;Neural Networks;6;21;0;https://medium.com/@sainivedh/optimization-of-cnn-architecture-using-genetic-algorithm-for-image-classification-5c48f25dac9c?source=tag_archive---------3-----------------------;https://medium.com/@sainivedh?source=tag_archive---------3-----------------------
Attention Augmented Differentiable Forest for Tabular Data (paper review);NaN;1;Stan Kriventsov;Deep Learning Reviews;2020;11;11;Neural Networks;4;8;0;https://medium.com/deep-learning-reviews/attention-augmented-differentiable-forest-for-tabular-data-paper-review-cdd78c3d4bfe?source=tag_archive---------4-----------------------;https://medium.com/@stankriventsov?source=tag_archive---------4-----------------------
Geometric Deep learning with Graph Neural Network;First of all,;1;Salman Faroz;Becoming Human: Artificial Intelligence Magazine;2020;11;11;Neural Networks;7;50;0;https://becominghuman.ai/geometric-deep-learning-with-graph-neural-network-ace43692622f?source=tag_archive---------5-----------------------;https://becominghuman.ai/@salmanfaroz?source=tag_archive---------5-----------------------
Introduction to Graph Convolutional Networks (GCN);NaN;1;Dilini Karunarathna;NaN;2020;11;11;Neural Networks;5;101;0;https://medium.com/@dilinikarunarathna/introduction-to-graph-convolutional-networks-gcn-2235ed69875d?source=tag_archive---------6-----------------------;https://medium.com/@dilinikarunarathna?source=tag_archive---------6-----------------------
Dynamic Notebooks for Versatile AI;And why it might just be beneficial to generalize models;1;Dweep Joshipura;The Startup;2020;11;11;Neural Networks;4;55;0;https://medium.com/swlh/dynamic-notebooks-for-versatile-ai-680fcafe5f6b?source=tag_archive---------7-----------------------;https://medium.com/@dj-ai?source=tag_archive---------7-----------------------
Talking data user demographics;A Kaggle Problem.;1;Akhil Dasari;NaN;2020;11;11;Neural Networks;5;6;0;https://medium.com/@akhil-dasari/talking-data-user-demographics-f97dea332bde?source=tag_archive---------8-----------------------;https://medium.com/@akhil-dasari?source=tag_archive---------8-----------------------
Keras LearningRateScheduler CallbackMaking Changes on the Fly;NaN;1;John Pace;NaN;2020;11;11;Neural Networks;3;0;0;https://medium.com/@johnpace-32927/keras-learningratescheduler-callback-making-changes-on-the-fly-3221190c932e?source=tag_archive---------9-----------------------;https://medium.com/@johnpace-32927?source=tag_archive---------9-----------------------
Predict fuel efficiency using an Artificial Neural Network in TensorFlow 2.x;NaN;1;Jan Bollenbacher;The Innovation;2020;11;12;Neural Networks;4;8;0;https://medium.com/the-innovation/predict-fuel-efficiency-using-an-artificial-neural-network-using-tensorflow-2-x-ad9e4d288dd6?source=tag_archive---------0-----------------------;https://medium.com/@janbolle87?source=tag_archive---------0-----------------------
Creating a Human that Never Existed;A Guide To Generative Adversarial Networks;1;Dickson Wu;The Startup;2020;11;12;Neural Networks;6;346;0;https://medium.com/swlh/creating-a-human-that-never-existed-65d046fe8cb3?source=tag_archive---------1-----------------------;https://medium.com/@dickson-wu?source=tag_archive---------1-----------------------
Neuralink: Making Mind Control Possible;NaN;1;Ashley C;The Startup;2020;11;12;Neural Networks;5;172;0;https://medium.com/swlh/neuralink-making-mind-control-possible-6fd2e694981b?source=tag_archive---------2-----------------------;https://medium.com/@ashleyy-czumak?source=tag_archive---------2-----------------------
Using AI to detect Cat and Dog pictures, with Tensorflow & Keras. (1);NaN;1;Maxamed Sarinle;NaN;2020;11;12;Neural Networks;5;4;0;https://medium.com/@codewebduh/using-ai-to-detect-cat-and-dog-pictures-with-tensorflow-keras-1-6e880cbc14c6?source=tag_archive---------3-----------------------;https://medium.com/@codewebduh?source=tag_archive---------3-----------------------
Generative Adversarial Networks(GANs);NaN;1;Shirisha Nampally;NaN;2020;11;12;Neural Networks;7;0;0;https://medium.com/@shirishanampally96/generative-adversarial-networks-gans-36dff704fad8?source=tag_archive---------4-----------------------;https://medium.com/@shirishanampally96?source=tag_archive---------4-----------------------
Image Filters with Convolutions;Using scipy for practical implementation in Python;1;Pooja Mahajan;NaN;2020;11;12;Neural Networks;2;46;0;https://medium.com/@poojamahajan5131/image-filters-with-convolutions-9104bba1ce12?source=tag_archive---------5-----------------------;https://medium.com/@poojamahajan5131?source=tag_archive---------5-----------------------
Computer Vision: Part 2;Which breed of dog is that?;1;Aditya Mehta;Towards Data Science;2020;11;13;Neural Networks;8;29;0;https://towardsdatascience.com/computer-vision-part-2-8e07029955ee?source=tag_archive---------0-----------------------;https://towardsdatascience.com/@aditya-mehta?source=tag_archive---------0-----------------------
Cactus image classification using convolutional neural network (CNN) that reaches over 98% accuracy;NaN;1;Jonathan C.T. Kuo;Analytics Vidhya;2020;11;13;Neural Networks;4;0;0;https://medium.com/analytics-vidhya/cactus-image-classification-using-convolutional-neural-network-cnn-that-reaches-98-accuracy-8432e068f1ea?source=tag_archive---------1-----------------------;https://medium.com/@jonathan-kuo?source=tag_archive---------1-----------------------
How to get SegNet running in year 2020 (or 2021);NaN;1;Filip Drapejkowski;NaN;2020;11;13;Neural Networks;5;50;0;https://medium.com/@filip.drapejkowski/how-to-get-segnet-running-in-year-2020-or-2021-915fb6d652be?source=tag_archive---------2-----------------------;https://medium.com/@filip.drapejkowski?source=tag_archive---------2-----------------------
     . .2;NaN;1;Osaulenko V.M.;NaN;2020;11;13;Neural Networks;7;0;0;https://medium.com/@osaulenko-vm/info-transmit-part2-7010b6aea345?source=tag_archive---------3-----------------------;https://medium.com/@osaulenko-vm?source=tag_archive---------3-----------------------
Synthetic Images Using DCGANs;In this reading well have a walk through of what GANs are and how we can use it to generate synthetic;1;Ankit Sharma;NaN;2020;11;13;Neural Networks;3;50;0;https://medium.com/@ankitsharmax/synthetic-images-using-dcgans-43cb6f18df1?source=tag_archive---------4-----------------------;https://medium.com/@ankitsharmax?source=tag_archive---------4-----------------------
Loss Function & Its Types In Neural Network;In this article we will learn :;1;Anurag Upadhyay;NaN;2020;11;13;Neural Networks;6;1;0;https://medium.com/@uanurag6212/loss-function-its-types-in-neural-network-79f4abdd6883?source=tag_archive---------5-----------------------;https://medium.com/@uanurag6212?source=tag_archive---------5-----------------------
NaN;A weekly newsletter with the latest developments in;1;Bruno Gon alves;Data For Science;2020;11;13;Neural Networks;4;2;0;https://medium.com/data-for-science/d4s-sunday-briefing-76-11f2ae4f0b0d?source=tag_archive---------6-----------------------;https://medium.com/@bgoncalves?source=tag_archive---------6-----------------------
NaN;A weekly newsletter with the latest developments in;1;Bruno Gon alves;Data For Science;2020;11;13;Neural Networks;4;0;0;https://medium.com/data-for-science/d4s-sunday-briefing-75-39b13161aa97?source=tag_archive---------7-----------------------;https://medium.com/@bgoncalves?source=tag_archive---------7-----------------------
Demystifying LSTM;INTRODUCTION:;1;Riya Jha;NaN;2020;11;13;Neural Networks;2;8;0;https://medium.com/@riyajhagogo/demystifying-lstm-570d7bbfa540?source=tag_archive---------8-----------------------;https://medium.com/@riyajhagogo?source=tag_archive---------8-----------------------
Style transfer for augmented city;NaN;1;L. Bauer;NaN;2020;11;13;Neural Networks;2;0;0;https://medium.com/@liubauer/style-transfer-for-augmented-city-21b1e36cc40b?source=tag_archive---------9-----------------------;https://medium.com/@liubauer?source=tag_archive---------9-----------------------
NaN;A generic approach for training;1;Nicolas Arroyo Duran;Towards Data Science;2020;11;14;Neural Networks;19;91;0;https://towardsdatascience.com/approximating-stochastic-functions-be7d6ccf4f6?source=tag_archive---------0-----------------------;https://towardsdatascience.com/@nicolas.arroyo.duran?source=tag_archive---------0-----------------------
RNN vs GRU vs LSTM;In this post, I will make you go through the theory of RNN, GRU and LSTM first and then I will show you how to implement and;1;Hemanth Pedamallu;Analytics Vidhya;2020;11;14;Neural Networks;7;62;0;https://medium.com/analytics-vidhya/rnn-vs-gru-vs-lstm-863b0b7b1573?source=tag_archive---------1-----------------------;https://medium.com/@hemanthtpg?source=tag_archive---------1-----------------------
How to decide on learning rate;Finding good LR for your neural nets using PyTorch Lightning;1;mtszkw;Towards Data Science;2020;11;14;Neural Networks;6;13;0;https://towardsdatascience.com/how-to-decide-on-learning-rate-6b6996510c98?source=tag_archive---------2-----------------------;https://towardsdatascience.com/@mtszkw?source=tag_archive---------2-----------------------
Stepping up: Image Classification using TensorFlow 2.x and TensorFlow Dataset;NaN;1;Jan Bollenbacher;The Innovation;2020;11;14;Neural Networks;3;2;0;https://medium.com/the-innovation/stepping-up-image-classification-using-tensorflow-2-x-and-tensorflow-dataset-a37bf30f747d?source=tag_archive---------3-----------------------;https://medium.com/@janbolle87?source=tag_archive---------3-----------------------
Convolutional Neural Networks(CNN);What convenance or convolutional neural networks actually are and why have they gained so much;1;Mayank Singh;NaN;2020;11;14;Neural Networks;5;1;0;https://medium.com/@siinmayank/convolutional-neural-networks-cnn-7fda202db937?source=tag_archive---------4-----------------------;https://medium.com/@siinmayank?source=tag_archive---------4-----------------------
Training a Neural Network to identify Pneumonia in X-rays;NaN;1;Dipta Roy;Analytics Vidhya;2020;11;14;Neural Networks;7;50;0;https://medium.com/analytics-vidhya/training-a-neural-network-to-identify-pneumonia-in-x-rays-e05a27982443?source=tag_archive---------5-----------------------;https://medium.com/@roydipta?source=tag_archive---------5-----------------------
Single Layer Perceptron : Implementing a single layer neuron from scratch using python;NaN;1;Spoorthi U K;NaN;2020;11;14;Neural Networks;3;19;0;https://medium.com/@spoorthiuday27/single-layer-perceptron-implementing-a-single-layer-neuron-from-scratch-using-python-3cb9f8a662a?source=tag_archive---------6-----------------------;https://medium.com/@spoorthiuday27?source=tag_archive---------6-----------------------
Neural networks and their approach towards human life.;NaN;1;Ritik Agarwal;NaN;2020;11;14;Neural Networks;7;0;0;https://medium.com/@ritik.agarwal2/neural-networks-and-their-approach-towards-human-life-2881d48e2c86?source=tag_archive---------7-----------------------;https://medium.com/@ritik.agarwal2?source=tag_archive---------7-----------------------
A novel approach for learning multi-level dynamics by minimizing a Gauss-Newton mixture reservoir;NaN;0;Linda J. Kevin;NaN;2020;11;14;Neural Networks;1;1;0;https://medium.com/@lindakevin/a-novel-approach-for-learning-multi-level-dynamics-by-minimizing-a-gauss-newton-mixture-reservoir-f00ec0013638?source=tag_archive---------8-----------------------;https://medium.com/@lindakevin?source=tag_archive---------8-----------------------
NaN;NaN;1;Koen Peters;Towards Data Science;2020;11;15;Neural Networks;5;109;0;https://towardsdatascience.com/primer-on-developing-reproducible-neural-networks-in-jupyter-notebook-2f88d23b7c8d?source=tag_archive---------0-----------------------;https://towardsdatascience.com/@kpeters_?source=tag_archive---------0-----------------------
Building a Text Classifier with Spacy 3.0;A short tutorial on how to use the new Spacy V3 to classify;1;Phil S.;Analytics Vidhya;2020;11;15;Neural Networks;6;66;0;https://medium.com/analytics-vidhya/building-a-text-classifier-with-spacy-3-0-dd16e9979a?source=tag_archive---------1-----------------------;https://medium.com/@psodmann?source=tag_archive---------1-----------------------
The Goldilocks Zone: Can you Design Neural Networks Just Right?;Deep learning is hard to say the;1;Dev Patel;Towards Data Science;2020;11;15;Neural Networks;9;203;0;https://towardsdatascience.com/the-goldilocks-zone-can-you-design-neural-networks-just-right-41d1172982b8?source=tag_archive---------2-----------------------;https://towardsdatascience.com/@hello-devpatel?source=tag_archive---------2-----------------------
Introduction to Generative Adversarial Networks(GANs);What are Generative Adversarial Networks?;1;Mukund Khandelwal;Analytics Vidhya;2020;11;15;Neural Networks;7;6;0;https://medium.com/analytics-vidhya/introduction-to-generative-adversarial-networks-gans-b23d53595570?source=tag_archive---------3-----------------------;https://medium.com/@khandelwalmukund23?source=tag_archive---------3-----------------------
How to get background blur using Deep Learning?;NaN;1;Prathmesh Patil;Analytics Vidhya;2020;11;15;Neural Networks;9;6;0;https://medium.com/analytics-vidhya/how-to-get-background-blur-using-deep-learning-91c2dfada33e?source=tag_archive---------4-----------------------;https://medium.com/@prathmesh.patil699?source=tag_archive---------4-----------------------
How does Batch Normalization work in Training and Testing?;Normalization squashes the wide range of values to a common scale.;0;Abishek Kamal;NaN;2020;11;15;Neural Networks;2;11;0;https://medium.com/@abishek21/how-does-batch-normalization-work-in-training-and-testing-30a7414d7c46?source=tag_archive---------5-----------------------;https://medium.com/@abishek21?source=tag_archive---------5-----------------------
Artificial intelligence is already revolutionizing the industry, like it or not!!;From Google and Amazon to Apple and Microsoft, every major tech company is dedicating resources to breakthroughs in artificial intelligence. Personal assistants like Siri and Alexa have made;0;Samridhi Jain;NaN;2020;11;15;Neural Networks;6;57;0;https://medium.com/@samridhijain100/artificial-intelligence-is-already-revolutionizing-the-industry-like-it-or-not-f0ebbb23dfe3?source=tag_archive---------6-----------------------;https://medium.com/@samridhijain100?source=tag_archive---------6-----------------------
Optimization in Neural Networks;What is Optimization ?;1;akhil anand;Analytics Vidhya;2020;11;15;Neural Networks;5;50;0;https://medium.com/analytics-vidhya/optimization-in-neural-networks-d8d08ecf6659?source=tag_archive---------7-----------------------;https://medium.com/@akhilanandkspa?source=tag_archive---------7-----------------------
Feedback loops. What computers cant learn;"Data, as we all know, are ultimately produced by humans. Data do not come into being naturally. Someone has to develop the data structure, determine how it should be filled etc. Sure, humans can design machines to collect data; but ultimately they are at";0;Joerg Lehmann;NaN;2020;11;15;Neural Networks;4;0;0;https://medium.com/@joerg.lehmann/feedback-loops-what-computers-cant-learn-c08eba19e3ba?source=tag_archive---------8-----------------------;https://medium.com/@joerg.lehmann?source=tag_archive---------8-----------------------
Generative Adversarial Networks (GANs);A short articles which make you understand everything about the GANs in details;1;JATIN GUPTA;NaN;2020;11;15;Neural Networks;6;1;0;https://medium.com/@jgcse11/generative-adversarial-networks-gans-4b0e5fe35b78?source=tag_archive---------9-----------------------;https://medium.com/@jgcse11?source=tag_archive---------9-----------------------
Describing what you see;We deal with a variety of instances where we have to describe a scene or come up with a text sequence corresponding;1;Hariraj K;NaN;2020;11;15;Neural Networks;2;0;0;https://medium.com/@picklehari/describing-what-you-see-6b4e4e130b22?source=tag_archive---------10-----------------------;https://medium.com/@picklehari?source=tag_archive---------10-----------------------
Application of Neural Networks to build General Purpose Robotic Systems;OpenAI demonstrated a robotic;1;Saisneha Kilari;NaN;2020;11;15;Neural Networks;7;0;0;https://medium.com/@saisnehakilari1/application-of-neural-networks-to-build-general-purpose-robotic-systems-d0674b146199?source=tag_archive---------11-----------------------;https://medium.com/@saisnehakilari1?source=tag_archive---------11-----------------------
Semantic Segmentation for Autonomous Navigation on Indian Roads;Indian Driving Dataset for Autonomous;1;DAYANANDA;NaN;2020;11;16;Neural Networks;14;24;0;https://medium.com/@daya7624/semantic-segmentation-for-autonomous-navigation-on-indian-roads-18ad66e1dc3d?source=tag_archive---------0-----------------------;https://medium.com/@daya7624?source=tag_archive---------0-----------------------
Neural Networksthe Basics;what if we could teach computers to learn like our brains;1;Yaman Habip;Analytics Vidhya;2020;11;16;Neural Networks;9;107;0;https://medium.com/analytics-vidhya/neural-networks-the-basics-7cfd2ad15443?source=tag_archive---------1-----------------------;https://medium.com/@yamanhabip?source=tag_archive---------1-----------------------
A Friendly Introduction to Graph Neural Networks;NaN;1;James Montantes;Becoming Human: Artificial Intelligence Magazine;2020;11;16;Neural Networks;11;53;0;https://becominghuman.ai/a-friendly-introduction-to-graph-neural-networks-fc950f6aae6?source=tag_archive---------2-----------------------;https://becominghuman.ai/@james.montantes.exxact?source=tag_archive---------2-----------------------
AlphaGo Beats The Worlds Best Go Player;AlphaGo;1;Ashley C;Level Up Coding;2020;11;16;Neural Networks;5;130;0;https://levelup.gitconnected.com/alphago-beats-the-worlds-best-go-player-1d4ab1428bac?source=tag_archive---------3-----------------------;https://levelup.gitconnected.com/@ashleyy-czumak?source=tag_archive---------3-----------------------
CNN Architecture: How ResNet works and why?;ResNet Architecture Explained;1;Vishal Mishra;Data Driven Investor;2020;11;16;Neural Networks;6;0;0;https://medium.com/datadriveninvestor/cnn-architecture-how-resnet-works-and-why-1c197b8eba34?source=tag_archive---------4-----------------------;https://medium.com/@vishalmishra2k20?source=tag_archive---------4-----------------------
NaN;NaN;1;Sarah Mason;CodeX;2020;11;16;Neural Networks;3;52;0;https://medium.com/codex/text-extraction-in-python-with-neural-networks-2f9ae8512514?source=tag_archive---------5-----------------------;https://medium.com/@bysarahmason?source=tag_archive---------5-----------------------
Hand-gesture recognition neural network analysis;Hello there!;1;Vitor dos Santos;NaN;2020;11;16;Neural Networks;9;1;0;https://medium.com/@vitorgabo/hand-gesture-recognition-neural-network-analysis-bfe2fef78161?source=tag_archive---------6-----------------------;https://medium.com/@vitorgabo?source=tag_archive---------6-----------------------
Controllable Multi-Interest Framework for Recommendation;NaN;1;Alibaba Cloud;Data Driven Investor;2020;11;16;Neural Networks;5;1;0;https://medium.com/datadriveninvestor/controllable-multi-interest-framework-for-recommendation-7fb336592b8d?source=tag_archive---------7-----------------------;https://medium.com/@alibaba-cloud?source=tag_archive---------7-----------------------
Classifying images with Neural Networks;In order to make a image classification problem, I decided to make a little experiment;1;Armando Delgado;ATG-Analytical;2020;11;16;Neural Networks;6;0;0;https://medium.com/atg-analytical/classifying-images-with-neural-networks-787609412787?source=tag_archive---------8-----------------------;https://medium.com/@armandodelgadofumero?source=tag_archive---------8-----------------------
NaN;Object video analytics at transport;1;ComBox Technology;NaN;2020;11;16;Neural Networks;6;1;0;https://medium.com/@ComBoxTech/object-video-analytics-at-transport-52612bf7cb45?source=tag_archive---------9-----------------------;https://medium.com/@ComBoxTech?source=tag_archive---------9-----------------------
How I Built A Lo-fi Hip-Hop Music Generator;Building a Lofi Hip-Hop Generator using an LSTM Neural;1;Zakari;AI In Plain English;2020;11;17;Neural Networks;6;57;0;https://medium.com/ai-in-plain-english/building-a-lo-fi-hip-hop-generator-e24a005d0144?source=tag_archive---------0-----------------------;https://medium.com/@z77.v303?source=tag_archive---------0-----------------------
Mona Lisa Machinima;Restoring Mona Lisa with Neural Networks;1;Daniel Voshart;NaN;2020;11;17;Neural Networks;3;4;0;https://medium.com/@voshart/mona-lisa-machinima-78f38f1ddd07?source=tag_archive---------1-----------------------;https://medium.com/@voshart?source=tag_archive---------1-----------------------
The XOR function with Neural Networks for Data Scientists;Why are Neural Networks so good?;1;Mohammad Ahmad;Towards Data Science;2020;11;17;Neural Networks;4;1;0;https://towardsdatascience.com/the-xor-function-with-neural-networks-for-data-scientists-3fe7e0099e84?source=tag_archive---------2-----------------------;https://towardsdatascience.com/@ahmasoh?source=tag_archive---------2-----------------------
NaN;NaN;1;Luthfi Ramadhan;Towards AI;2020;11;17;Neural Networks;5;99;0;https://medium.com/towards-artificial-intelligence/brain-damage-on-artificial-intelligence-37bc53023ab8?source=tag_archive---------3-----------------------;https://medium.com/@luthfir96?source=tag_archive---------3-----------------------
Machine Learning Is Just Geometry;Think of machine learning as something not fancy at alland;1;Bhanu Soni;AI In Plain English;2020;11;17;Neural Networks;8;100;0;https://medium.com/ai-in-plain-english/what-is-machine-learning-cfe8386feb36?source=tag_archive---------4-----------------------;https://medium.com/@sonibhanu06?source=tag_archive---------4-----------------------
Face Mask Detection;Face Mask Detection is a project based on Artificial Intelligence . In this we detect people with or without mask .;1;Arpitchauhan;Analytics Vidhya;2020;11;17;Neural Networks;4;16;0;https://medium.com/analytics-vidhya/face-mask-detection-6dca534f7879?source=tag_archive---------5-----------------------;https://medium.com/@arpit09chauhan?source=tag_archive---------5-----------------------
How Sparsity Enables Energy Efficient Deep Learning Networks;NaN;1;Numenta;NaN;2020;11;17;Neural Networks;6;19;0;https://medium.com/@Numenta/how-sparsity-enables-energy-efficient-deep-learning-networks-c85a01ea597f?source=tag_archive---------6-----------------------;https://medium.com/@Numenta?source=tag_archive---------6-----------------------
Seven Signs Your Elon Musk Neuralink Brain Chip is Overheating;NaN;1;Christine Stevens;The Haven;2020;11;17;Neural Networks;3;172;0;https://medium.com/the-haven/seven-signs-your-elon-musk-neuralink-brain-chip-is-overheating-ecb29a58175e?source=tag_archive---------7-----------------------;https://medium.com/@xtinestevens?source=tag_archive---------7-----------------------
Neural Networks: Beginning;Everyone knows the advantages of neural networks. It can do all the computing task which a common man cant do;1;Akhil Parim;NaN;2020;11;17;Neural Networks;5;0;0;https://medium.com/@akhil.parim/neural-networks-beginning-39a5717ac311?source=tag_archive---------8-----------------------;https://medium.com/@akhil.parim?source=tag_archive---------8-----------------------
Not So Random Software #44Happiness, and LSTM networks;NaN;1;Alfredo Motta;NaN;2020;11;17;Neural Networks;3;0;0;https://medium.com/@motta.lrd/not-so-random-software-44-happiness-and-lstm-networks-6cf623c800db?source=tag_archive---------9-----------------------;https://medium.com/@motta.lrd?source=tag_archive---------9-----------------------
Well-designed Quantum Neural Network offers advantages over Classical versions;NaN;1;Abhilash Pattnaik;NaN;2020;11;17;Neural Networks;2;0;0;https://medium.com/@abhilashgai/well-designed-quantum-neural-network-offers-advantages-over-classical-versions-d0bf5328372c?source=tag_archive---------10-----------------------;https://medium.com/@abhilashgai?source=tag_archive---------10-----------------------
Nope, Deep Learning is not enough;Despite BERT, AlphaGo and ImageNet domination;1;Melvin Varughese;Data at Atlassian;2020;11;18;Neural Networks;8;131;0;https://medium.com/atlassiandata/nope-deep-learning-is-not-enough-13b150dab936?source=tag_archive---------0-----------------------;https://medium.com/@melvin.varughese?source=tag_archive---------0-----------------------
Artificial Intelligence And Neural Networks For Everyone, Even Kids.;If understanding AI ever scared;1;Bruce Ironhardt;Towards Data Science;2020;11;18;Neural Networks;11;10;0;https://towardsdatascience.com/artificial-intelligence-and-neural-networks-for-everyone-even-kids-94336eb7440e?source=tag_archive---------1-----------------------;https://towardsdatascience.com/@bruce.ironhardt?source=tag_archive---------1-----------------------
Language & Cognition: re-reading Jerry Fodor;In my opinion the late Jerry Fodor was one of the most brilliant cognitive;1;Walid Saba, PhD;ONTOLOGIK;2020;11;18;Neural Networks;9;35;0;https://medium.com/ontologik/language-cognition-re-reading-jerry-fodor-53e98c9933f4?source=tag_archive---------2-----------------------;https://medium.com/@ontologik?source=tag_archive---------2-----------------------
Testing the waters of Bayesian Neural Networks(BNNs);NaN;1;Faraz Gerrard Jamal;Becoming Human: Artificial Intelligence Magazine;2020;11;18;Neural Networks;4;83;0;https://becominghuman.ai/testing-the-waters-of-bayesian-neural-networks-bnns-6a1fb5261228?source=tag_archive---------3-----------------------;https://becominghuman.ai/@farazlfc?source=tag_archive---------3-----------------------
Neural Networks: The Foundation of Machine Learning;Everybody hears about artificial intelligence from reading the latest tech news and watching sci-fi movies. AI is going to revolutionize almost every industry, but not many know exactly how it works. Its not magic, its math! Artificial;0;Ishaana Misra;NaN;2020;11;18;Neural Networks;5;13;0;https://medium.com/@ishaana-misra/neural-networks-the-foundation-of-machine-learning-366530ab77e7?source=tag_archive---------4-----------------------;https://medium.com/@ishaana-misra?source=tag_archive---------4-----------------------
Puede leer tu cerebro una IA?;Esta pregunta talvez te parecer un poco loca y pensas de que estamos muy lejos de que un algoritmo de inteligencia artificial pueda adivinar lo que ests viendo. Pero te vas a sorprender viendo cuantas personas estn estudiando y haciendo experimentos y poco a poco;0;Sim n Mirleni;NaN;2020;11;18;Neural Networks;6;1;0;https://medium.com/@simon-mirleni1/puede-leer-tu-cerebro-una-ia-bfdd602ae34a?source=tag_archive---------5-----------------------;https://medium.com/@simon-mirleni1?source=tag_archive---------5-----------------------
Broadcasting in Python;In this post, we will discuss Broadcasting using NumPy. It is also used while implementing neural networks as these;1;Pooja Mahajan;NaN;2020;11;18;Neural Networks;3;38;0;https://medium.com/@poojamahajan5131/broadcasting-in-python-b98ea517c51d?source=tag_archive---------6-----------------------;https://medium.com/@poojamahajan5131?source=tag_archive---------6-----------------------
Explaining Deep Learning in a Regression-Friendly Way;NaN;1;Dr. Dataman;Level Up Coding;2020;11;19;Neural Networks;12;191;0;https://levelup.gitconnected.com/a-tutorial-to-build-from-regression-to-deep-learning-b7354240d2d5?source=tag_archive---------0-----------------------;https://levelup.gitconnected.com/@dataman-ai?source=tag_archive---------0-----------------------
Optimizers;Optimization algorithms have following goals in case minimization is considered.;1;Namrata Kapoor;Towards Data Science;2020;11;19;Neural Networks;8;280;0;https://towardsdatascience.com/optimizers-88694509311c?source=tag_archive---------1-----------------------;https://towardsdatascience.com/@namratakapoor1?source=tag_archive---------1-----------------------
One shot learning;Dans un problme classique dutilisation de rseaux de neurones en classification;1;Salma;NaN;2020;11;19;Neural Networks;6;42;0;https://medium.com/@salma011998/one-shot-learning-2e59228b6b3c?source=tag_archive---------2-----------------------;https://medium.com/@salma011998?source=tag_archive---------2-----------------------
All about HelloFace App;NaN;1;HelloFace;HelloFace Blogs;2020;11;19;Neural Networks;4;0;0;https://medium.com/face-swap-blogs/all-about-helloface-app-de60a9afc0ed?source=tag_archive---------3-----------------------;https://medium.com/@helloface?source=tag_archive---------3-----------------------
Deep Learning Specialization on Coursera: AI learning at its best;An honest review from a recently;1;Edoardo Romani;NaN;2020;11;19;Neural Networks;7;3;0;https://medium.com/@edo-romani1/deep-learning-specialization-on-coursera-ai-learning-at-its-best-cd0ce682e07b?source=tag_archive---------4-----------------------;https://medium.com/@edo-romani1?source=tag_archive---------4-----------------------
A beginners guide to AI: Neural networksArya College;NaN;1;Arya College;NaN;2020;11;19;Neural Networks;3;0;0;https://medium.com/@aryacollegejaipur/a-beginners-guide-to-ai-neural-networks-arya-college-fc5062b449e9?source=tag_archive---------5-----------------------;https://medium.com/@aryacollegejaipur?source=tag_archive---------5-----------------------
What is a Neural Network?;Think back to the first time you heard the phrase neural networks or neural netsperhaps its right now ;1;Ethan Huang;Analytics Vidhya;2020;11;20;Neural Networks;26;2;0;https://medium.com/analytics-vidhya/what-is-a-neural-network-3c7fb143d4b4?source=tag_archive---------0-----------------------;https://medium.com/@ethan-huang1?source=tag_archive---------0-----------------------
Two Dogs Passing a Frisbee: Why Machine Learning struggles to Explain this Image;NaN;1;Darius at Leela AI;NaN;2020;11;20;Neural Networks;3;1;0;https://medium.com/@webadmin-22666/two-dogs-passing-a-frisbee-why-machine-learning-struggles-to-explain-this-image-5a9cbfa9eb2d?source=tag_archive---------1-----------------------;https://medium.com/@webadmin-22666?source=tag_archive---------1-----------------------
NaN;A weekly newsletter with the latest developments in;1;Bruno Gon alves;Data For Science;2020;11;20;Neural Networks;4;0;0;https://medium.com/data-for-science/d4s-sunday-briefing-77-8214d27ead5e?source=tag_archive---------2-----------------------;https://medium.com/@bgoncalves?source=tag_archive---------2-----------------------
The spectrum of generalisation: robustness, flexibility, generality;NaN;1;Venkatesh Nagilla;NaN;2020;11;20;Neural Networks;4;3;0;https://medium.com/@nagilla748/the-spectrum-of-generalisation-robustness-flexibility-generality-407a24670bd8?source=tag_archive---------3-----------------------;https://medium.com/@nagilla748?source=tag_archive---------3-----------------------
Object Detection With OpenCV: Step by Step;A few months ago I decided to create an Image Classification model using keras to;1;Zaki Jefferson;Analytics Vidhya;2020;11;21;Neural Networks;11;23;0;https://medium.com/analytics-vidhya/object-detection-with-opencv-step-by-step-6c49a9cc1ff0?source=tag_archive---------0-----------------------;https://medium.com/@zakirjefferson?source=tag_archive---------0-----------------------
NaN;NaN;1;Aarya Brahmane;Towards AI;2020;11;21;Neural Networks;7;120;0;https://medium.com/towards-artificial-intelligence/text-classification-with-rnn-62f98767caf1?source=tag_archive---------1-----------------------;https://medium.com/@aaryabrahmane?source=tag_archive---------1-----------------------
7 ways to avoid overfitting;Overfitting is a very comon problem in machine learning. It occurs when your model starts to fit too closely;1;Ilyes Talbi;Analytics Vidhya;2020;11;21;Neural Networks;5;10;0;https://medium.com/analytics-vidhya/7-ways-to-avoid-overfitting-9ff0e03554d3?source=tag_archive---------2-----------------------;https://medium.com/@ilyestalbi75?source=tag_archive---------2-----------------------
Reason why Alibaba Cloud Service is meant for AI/ML Projects;Being an AI/ML learner I face what I call the The training Difficulty while I work on these projects and I believe that I am not the only one who does.;0;Harshit Nagpal;NaN;2020;11;21;Neural Networks;2;0;0;https://medium.com/@phoenix-core/reason-why-alibaba-cloud-service-is-meant-for-ai-ml-projects-35ac878f26e3?source=tag_archive---------3-----------------------;https://medium.com/@phoenix-core?source=tag_archive---------3-----------------------
IntrosceptionHow to change your reality using Journaling and Artificial Neural Networks.;NaN;1;Fardan Qureshi;EVAAI;2020;11;22;Neural Networks;7;0;0;https://medium.com/black-tech/introsception-how-to-change-your-reality-using-journaling-and-artificial-neural-networks-5632502aa0f1?source=tag_archive---------0-----------------------;https://medium.com/@fnqureshi?source=tag_archive---------0-----------------------
NNN: Neural Networks for NoobsPart 5;Making good better.;1;Niklas G tz;The Glass Bead Game;2020;11;22;Neural Networks;7;0;0;https://medium.com/the-glass-bead-game/nnn-neural-networks-for-noobs-part-5-216b45a620df?source=tag_archive---------1-----------------------;https://medium.com/@goetz.niklas?source=tag_archive---------1-----------------------
Machine Learning and AI for All;Following Topics are covered:;0;Meeraj Kanaparthi;NaN;2020;11;22;Neural Networks;1;0;0;https://medium.com/@kmeeraj/machine-learning-and-ai-for-all-a9874c0a971e?source=tag_archive---------2-----------------------;https://medium.com/@kmeeraj?source=tag_archive---------2-----------------------
What are Neural Networks?;An artificial neural network is an interconnected group of nodes, an attempt to mimic to the vast network of;1;Sowjanya Tadimarri;NaN;2020;11;22;Neural Networks;4;0;0;https://medium.com/@soujitadimarri/what-are-neural-networks-366ee1b03c3?source=tag_archive---------3-----------------------;https://medium.com/@soujitadimarri?source=tag_archive---------3-----------------------
An Overview on Convolutional Neural Networks;CNNs;1;Ashley C;The Startup;2020;11;23;Neural Networks;5;94;0;https://medium.com/swlh/an-overview-on-convolutional-neural-networks-ea48e76fb186?source=tag_archive---------0-----------------------;https://medium.com/@ashleyy-czumak?source=tag_archive---------0-----------------------
Detecting Pneumonia in X-Ray Images with a Convolutional Neural Network;Have you ever wondered what a;1;David Bartholomew;Analytics Vidhya;2020;11;23;Neural Networks;8;0;0;https://medium.com/analytics-vidhya/detecting-pneumonia-in-x-ray-images-with-a-convolutional-neural-network-735f68f40564?source=tag_archive---------1-----------------------;https://medium.com/@dbarth411?source=tag_archive---------1-----------------------
Perceptron intuition;A perceptron accepts n inputs.Along with the n inputs it has its own bias.;1;Inumella Sricharan;NaN;2020;11;23;Neural Networks;3;9;0;https://medium.com/@charan-sricharan-sri793/perceptron-intuition-fce429f6e005?source=tag_archive---------2-----------------------;https://medium.com/@charan-sricharan-sri793?source=tag_archive---------2-----------------------
NaN;A weekly newsletter with the latest developments in;1;Bruno Gon alves;Data For Science;2020;11;23;Neural Networks;4;0;0;https://medium.com/data-for-science/d4s-sunday-briefing-78-14e97748a31e?source=tag_archive---------3-----------------------;https://medium.com/@bgoncalves?source=tag_archive---------3-----------------------
Artificial Neural Network Explained with an Regression Example;NaN;1;Asha Ponraj;Analytics Vidhya;2020;11;23;Neural Networks;4;0;0;https://medium.com/analytics-vidhya/artificial-neural-network-explained-with-an-regression-example-9e60c3efa624?source=tag_archive---------4-----------------------;https://medium.com/@aasha01?source=tag_archive---------4-----------------------
Human Learning Journal: Thanks gamers;This weekly journal reports my up and downs as a machine learning and robotics intern at the impactIA Foundation. Try to have fun reading it, but know that I have little fun writing it. You have been warned.;0;Valentin Kindschi;impactIA;2020;11;23;Neural Networks;4;3;0;https://medium.com/impactia/human-learning-journal-im-a-gamer-you-re-welcome-639aa2a0da00?source=tag_archive---------5-----------------------;https://medium.com/@v-kindschi?source=tag_archive---------5-----------------------
Machine Learning Case Study: Telco Customer Churn Prediction;NaN;1;Felix Frohb se;Towards Data Science;2020;11;24;Neural Networks;13;43;0;https://towardsdatascience.com/machine-learning-case-study-telco-customer-churn-prediction-bc4be03c9e1d?source=tag_archive---------0-----------------------;https://towardsdatascience.com/@felixfrohboese?source=tag_archive---------0-----------------------
AdaBelief Optimizer: Adapting Stepsizes by the Belief in Observed Gradients (paper review);NaN;1;Stan Kriventsov;Deep Learning Reviews;2020;11;24;Neural Networks;4;6;0;https://medium.com/deep-learning-reviews/adabelief-optimizer-adapting-stepsizes-by-the-belief-in-observed-gradients-paper-review-8e1d1a842725?source=tag_archive---------1-----------------------;https://medium.com/@stankriventsov?source=tag_archive---------1-----------------------
Solving Plane Stress Problem by using Physics Informed Neural Network;NaN;1;Alekh Sinha;DataSeries;2020;11;24;Neural Networks;3;14;0;https://medium.com/dataseries/solving-plane-stress-problem-by-using-physics-informed-neural-network-fb018620402c?source=tag_archive---------2-----------------------;https://medium.com/@alekh-sinha09?source=tag_archive---------2-----------------------
A neural network tagging biomedical grants;Neural networks have been a ubiquitous part of the resurgence of Artificial;1;Nick Sorros;Wellcome Data Labs;2020;11;24;Neural Networks;8;21;0;https://medium.com/wellcome-data-labs/a-neural-network-tagging-biomedical-grants-9d93bf6a0c14?source=tag_archive---------3-----------------------;https://medium.com/@nsorros?source=tag_archive---------3-----------------------
Machine Learning Intuition:;NaN;1;Pradyumn Pathak;Analytics Vidhya;2020;11;24;Neural Networks;14;198;0;https://medium.com/analytics-vidhya/machine-learning-intuition-b4b49a671f65?source=tag_archive---------4-----------------------;https://medium.com/@pradyumnp508?source=tag_archive---------4-----------------------
Robust objektgenkendelse uden manuel dataannotering;NaN;1;Oliver Gyldenberg Hjermitslev;Computer Vision Corner;2020;11;24;Neural Networks;2;2;0;https://medium.com/computer-vision-corner/robust-objektgenkendelse-uden-manuel-dataannotering-5a4572d67cbc?source=tag_archive---------5-----------------------;https://medium.com/@olivergh?source=tag_archive---------5-----------------------
COUSERA Machine Learning Week04; Cousera;1;Atsushi Ito;NaN;2020;11;24;Neural Networks;17;0;0;https://medium.com/@atsss/cousera-machine-learning-week04-f5dc8301cd9c?source=tag_archive---------6-----------------------;https://medium.com/@atsss?source=tag_archive---------6-----------------------
Neuromorphic Chips & Quantum Computing: Advancements in AI;NaN;1;Artiba;NaN;2020;11;24;Neural Networks;2;0;0;https://medium.com/@artiba97/neuromorphic-chips-quantum-computing-advancements-in-ai-582370c7237b?source=tag_archive---------7-----------------------;https://medium.com/@artiba97?source=tag_archive---------7-----------------------
How to Create a Simple Neural Network in Python;Learn how to create a neural network and teach it to;1;Chris Verdence;Better Programming;2020;11;25;Neural Networks;8;155;0;https://medium.com/better-programming/how-to-create-a-simple-neural-network-in-python-dbf17f729fe6?source=tag_archive---------0-----------------------;https://medium.com/@chris.verdence?source=tag_archive---------0-----------------------
Build Your First Neural Network From Scratch;Lets teach AI to do something simple;1;Pavel Ilin;Better Programming;2020;11;25;Neural Networks;5;543;0;https://medium.com/better-programming/build-your-first-neural-network-from-scratch-c5d5490a3f76?source=tag_archive---------1-----------------------;https://medium.com/@pavel-ilin?source=tag_archive---------1-----------------------
3 neural network architectures you need to know for NLP!;In this article, I will discuss what I think;1;Akash Shastri;Towards Data Science;2020;11;25;Neural Networks;6;18;0;https://towardsdatascience.com/3-neural-network-architectures-you-need-to-know-for-nlp-5660f11281be?source=tag_archive---------2-----------------------;https://towardsdatascience.com/@akashgshastri?source=tag_archive---------2-----------------------
Menggunakan Artificial Intelligence Untuk Mendeteksi Pemakaian Masker;Kupas tuntas implementasi Deep;1;Philip Purwoko;Easyread;2020;11;25;Neural Networks;5;54;0;https://medium.com/easyread/menggunakan-artificial-intelligence-untuk-mendeteksi-pemakaian-masker-b0564732c4ee?source=tag_archive---------3-----------------------;https://medium.com/@philippurwoko?source=tag_archive---------3-----------------------
Introduction to Reinforcement Learning. Part 5: Policy Gradient Algorithms;NaN;1;Markel Sanz Ausin;NaN;2020;11;25;Neural Networks;7;1;0;https://medium.com/@markelsanz14/introduction-to-reinforcement-learning-part-5-policy-gradient-algorithms-862960f7b0dc?source=tag_archive---------4-----------------------;https://medium.com/@markelsanz14?source=tag_archive---------4-----------------------
Implementing the Perceptron Learning Algorithm to Solve AND Gate in Python;If you searched for Neural Networks, Deep Learning, Machine Learning, or anything that has to do with Artificial Intelligence, youve probably heard about the Perceptron. The1958s famous algorithm;0;Neto Figueira;Analytics Vidhya;2020;11;25;Neural Networks;7;13;0;https://medium.com/analytics-vidhya/implementing-perceptron-learning-algorithm-to-solve-and-in-python-903516300b2f?source=tag_archive---------5-----------------------;https://medium.com/@neto-figueira?source=tag_archive---------5-----------------------
How to Build a Neural Network From Scratch;Wondered how facial recognition worked? Or how images were;1;Anjaneya Tripathi;The Startup;2020;11;25;Neural Networks;6;589;0;https://medium.com/swlh/how-to-build-a-neural-network-from-scratch-b712d59ae641?source=tag_archive---------6-----------------------;https://medium.com/@spamjaneya?source=tag_archive---------6-----------------------
Top 5 Machine Learning Concepts Every Data Scientist Should Know;NaN;1;Dinesh V;NaN;2020;11;25;Neural Networks;4;0;0;https://medium.com/@dinesh-v-88688/top-5-machine-learning-concepts-every-data-scientist-should-know-90be044788c1?source=tag_archive---------7-----------------------;https://medium.com/@dinesh-v-88688?source=tag_archive---------7-----------------------
Lets learn about LSTM;Long Short Term Memory networksusually just called LSTMsare a special kind of RNN, capable of learning long-term;1;Tathagata Saha;NaN;2020;11;25;Neural Networks;6;8;0;https://medium.com/@jsaha437/lets-learn-about-lstm-1b4d04b06206?source=tag_archive---------8-----------------------;https://medium.com/@jsaha437?source=tag_archive---------8-----------------------
Radar DataArchitectures and Ensembling;This is the 6th article in our MAFAT competition series, where we give an in-depth look;1;Shaul Solomon;Gradient Ascent;2020;11;25;Neural Networks;14;8;0;https://medium.com/definitely-not-sota-but-we-do-our-best/radar-data-architectures-and-ensembling-e1dbe1179147?source=tag_archive---------9-----------------------;https://medium.com/@shaulsolomon?source=tag_archive---------9-----------------------
Neural Network;NaN;1;Ken Ota;NaN;2020;11;25;Neural Networks;3;0;0;https://medium.com/@keeeeen0827/neural-network-a2a5e526ef3b?source=tag_archive---------10-----------------------;https://medium.com/@keeeeen0827?source=tag_archive---------10-----------------------
Introduction to Neural Networks (Part 1);Originally published at https://jc-progjava.github.io. You can find the rest of the book;1;Juc;NaN;2020;11;25;Neural Networks;4;0;0;https://medium.com/@juch5796/introduction-to-neural-networks-part-1-4c2e68220126?source=tag_archive---------11-----------------------;https://medium.com/@juch5796?source=tag_archive---------11-----------------------
What is Deep Learning?;A brain-friendly introduction to Deep Learning;1;Dieter Jordens;Towards Data Science;2020;11;26;Neural Networks;4;42;0;https://towardsdatascience.com/what-is-deep-learning-33a32858ea6d?source=tag_archive---------0-----------------------;https://towardsdatascience.com/@dieterjordens?source=tag_archive---------0-----------------------
Tape Emulation with Neural Networks;For the past two years, I have been actively developing ChowTape, an audio plugin designed to;1;Jatin Chowdhury;The Startup;2020;11;26;Neural Networks;9;37;0;https://medium.com/swlh/tape-emulation-with-neural-networks-699bb42b9394?source=tag_archive---------1-----------------------;https://medium.com/@jatinchowdhury18?source=tag_archive---------1-----------------------
Playing with TensorFlow;A quick literature review and example MNIST fits;0;Alexander Morton;Towards Data Science;2020;11;26;Neural Networks;14;8;0;https://towardsdatascience.com/playing-with-tensorflow-ca7e6ec37226?source=tag_archive---------2-----------------------;https://towardsdatascience.com/@mortonprod?source=tag_archive---------2-----------------------
DeepMorph: Gem information i billeder og figurer;NaN;1;Oliver Gyldenberg Hjermitslev;Computer Vision Corner;2020;11;26;Neural Networks;2;2;0;https://medium.com/computer-vision-corner/deepmorph-gem-information-i-billeder-og-figurer-d20b9efc53f9?source=tag_archive---------3-----------------------;https://medium.com/@olivergh?source=tag_archive---------3-----------------------
Removing Noise from Images using a CNN model in PytorchPart 1;NaN;1;Ayoola Olaleye;NaN;2020;11;26;Neural Networks;2;0;0;https://medium.com/@olaleyeayoola/removing-noise-from-images-using-a-cnn-model-in-pytorch-part-1-45e119c03f52?source=tag_archive---------4-----------------------;https://medium.com/@olaleyeayoola?source=tag_archive---------4-----------------------
CNN: you saved the day;If cv was not there our journey would be miserable and it would be impossible;1;Divyosmi Goswami;NaN;2020;11;26;Neural Networks;6;72;0;https://medium.com/@divyosmi/cnn-you-saved-the-day-cc9d6280886d?source=tag_archive---------5-----------------------;https://medium.com/@divyosmi?source=tag_archive---------5-----------------------
Deep Learning and Neuronal Networks;The basic idea of deep learning or machine learning was already developed in the 70s. Here the;1;Daniel Kerschagl;Just another buzzword;2020;11;26;Neural Networks;7;0;0;https://medium.com/just-another-buzzword/deep-learning-and-neuronal-networks-b46d0da2e123?source=tag_archive---------6-----------------------;https://medium.com/@justanotherbuzzword?source=tag_archive---------6-----------------------
Srie: Deep Learning With PythonParte 8;Olaa!!!;1;Preta TechCarol Silva);NaN;2020;11;26;Neural Networks;13;0;0;https://medium.com/@apretatech/s%C3%A9rie-deep-learning-with-python-parte-8-53b250947a84?source=tag_archive---------7-----------------------;https://medium.com/@apretatech?source=tag_archive---------7-----------------------
Explain by Example: Deep Learning (NN);Find out how you can avoid baggage limit fines with Deep;1;Michelle Xie;Towards Data Science;2020;11;27;Neural Networks;11;34;0;https://towardsdatascience.com/explain-by-example-deep-learning-nn-e15f5cfdab37?source=tag_archive---------0-----------------------;https://towardsdatascience.com/@michelle.xie?source=tag_archive---------0-----------------------
The Intuition of Vanilla Recurrent Neural Networks;NaN;1;Ashley C;Level Up Coding;2020;11;27;Neural Networks;5;111;0;https://levelup.gitconnected.com/the-intuition-of-vanilla-recurrent-neural-networks-b2ae08aacdc7?source=tag_archive---------1-----------------------;https://levelup.gitconnected.com/@ashleyy-czumak?source=tag_archive---------1-----------------------
How I use AI for Superconductors!!;Creating SuperCAIA superconductor simulation model to advance;1;Okezue Bell;NaN;2020;11;27;Neural Networks;7;122;0;https://medium.com/@okezuebell/how-i-use-ai-for-superconductors-5ff76f74a369?source=tag_archive---------2-----------------------;https://medium.com/@okezuebell?source=tag_archive---------2-----------------------
SUPER RESOLUTION GAN;We all love to see high resolution images but in reality we dont see high resolution images all the time. Imagine you;1;Ganesh Bharathwaj;NaN;2020;11;27;Neural Networks;2;11;0;https://medium.com/@msdganesh/super-resolution-gan-adce6940b608?source=tag_archive---------3-----------------------;https://medium.com/@msdganesh?source=tag_archive---------3-----------------------
Zodibots A.I. Horoscope (All Weeks Collected);Horoscopes that fuse GPT-3s 175 billion neutral-net;1;Zodibot;Zodibot;2020;11;27;Neural Networks;14;0;0;https://medium.com/zodibot/zodibots-a-i-horoscope-all-weeks-collected-c45ccbc7891b?source=tag_archive---------4-----------------------;https://medium.com/@zodibot?source=tag_archive---------4-----------------------
Graph Data Science 101: Using Graph Data Science in the Real World;NaN;1;Tech First;NaN;2020;11;27;Neural Networks;5;2;0;https://medium.com/@techfirst/graph-data-science-101-using-graph-data-science-in-the-real-world-afc6c2663ecd?source=tag_archive---------5-----------------------;https://medium.com/@techfirst?source=tag_archive---------5-----------------------
Machine Learning vs Deep Learning;What are the key differences?;1;Yashas Donthi;NaN;2020;11;27;Neural Networks;2;7;0;https://medium.com/@yashasdonthi/machine-learning-vs-deep-learning-f605198bfa9e?source=tag_archive---------6-----------------------;https://medium.com/@yashasdonthi?source=tag_archive---------6-----------------------
Basics of AI;Understanding the basics of how AI works;1;Sir Lumpi;demistifAI;2020;11;27;Neural Networks;3;4;0;https://medium.com/demistifai/basics-of-ai-c54442c6056?source=tag_archive---------7-----------------------;https://medium.com/@sirlumpi?source=tag_archive---------7-----------------------
Learn How Neural Networks Learn;Its not so different from humans;1;Anna Shi;Towards Data Science;2020;11;28;Neural Networks;9;363;0;https://towardsdatascience.com/learn-how-neural-networks-learn-d920fab3f72e?source=tag_archive---------0-----------------------;https://towardsdatascience.com/@anna-shi?source=tag_archive---------0-----------------------
No, but actually, how does a Neural NetWORK?- Part 2;The second part to the quick and fluff-free;1;Evan Lin;Analytics Vidhya;2020;11;28;Neural Networks;12;121;0;https://medium.com/analytics-vidhya/no-but-actually-how-does-a-neural-network-part-2-2f5c5e3cdf78?source=tag_archive---------1-----------------------;https://medium.com/@evxxan?source=tag_archive---------1-----------------------
No, but actually, how does a Neural NetWORK?- Part 1;A quick and fluff-free introduction to neural;1;Evan Lin;Analytics Vidhya;2020;11;28;Neural Networks;7;116;0;https://medium.com/analytics-vidhya/no-but-actually-how-does-a-neural-network-part-1-1c22737f5bd0?source=tag_archive---------2-----------------------;https://medium.com/@evxxan?source=tag_archive---------2-----------------------
Deep Learning;What Deep Learning is?;1;Divya Prakash;Analytics Vidhya;2020;11;28;Neural Networks;9;150;0;https://medium.com/analytics-vidhya/deep-learning-13ee3d7e5b55?source=tag_archive---------3-----------------------;https://medium.com/@divyaprakashrx?source=tag_archive---------3-----------------------
Conditional GAN:Controlling What a GAN Will Generate;NaN;1;Vikas Kumar Ojha;NaN;2020;11;28;Neural Networks;5;4;0;https://medium.com/@vikasojha894/conditional-gan-controlling-what-a-gan-will-generate-61d895f9df42?source=tag_archive---------4-----------------------;https://medium.com/@vikasojha894?source=tag_archive---------4-----------------------
Transfer Learning;NaN;1;runyan;NaN;2020;11;28;Neural Networks;3;0;0;https://medium.com/@ryyr/transfer-learning-a09f5d01111b?source=tag_archive---------5-----------------------;https://medium.com/@ryyr?source=tag_archive---------5-----------------------
Style Transfer of Images using CNN;Style transfer is an application of transfer learning where you will be given a content image and;1;Shivu;Analytics Vidhya;2020;11;28;Neural Networks;4;2;0;https://medium.com/analytics-vidhya/style-transfer-of-images-using-cnn-e79472ee350b?source=tag_archive---------6-----------------------;https://medium.com/@shivu2507?source=tag_archive---------6-----------------------
#thisisnotautogeneratedtext: Shakespeare talking about Covid-19;NaN;1;Stojancho Tudjarski;NaN;2020;11;28;Neural Networks;2;0;0;https://medium.com/@striki-ai/thisisnotautogeneratedtext-shakespeare-talking-about-covid-19-d09f8ae906e3?source=tag_archive---------7-----------------------;https://medium.com/@striki-ai?source=tag_archive---------7-----------------------
Artificial Intelligence is not coming, it is here.;NaN;1;Abdul Qadeer;NaN;2020;11;28;Neural Networks;2;0;0;https://medium.com/@abdulqadeerbettani/artificial-intelligence-is-not-coming-it-is-here-78996a3088a0?source=tag_archive---------8-----------------------;https://medium.com/@abdulqadeerbettani?source=tag_archive---------8-----------------------
Deep Clustering for Sparse Data;A rather shallow and simple approach to deep clustering of highly;1;Alon Agmon;Towards Data Science;2020;11;29;Neural Networks;8;9;0;https://towardsdatascience.com/deep-clustering-with-sparse-data-b2eb1bf2922e?source=tag_archive---------0-----------------------;https://towardsdatascience.com/@alon.agmon?source=tag_archive---------0-----------------------
Gradient Descent Update rule for Multiclass Logistic Regression;Deriving the softmax function, and;1;adam dhalla;AI In Plain English;2020;11;29;Neural Networks;8;50;0;https://medium.com/ai-in-plain-english/gradient-descent-update-rule-for-multiclass-logistic-regression-4bf3033cac10?source=tag_archive---------1-----------------------;https://medium.com/@adamdhalla?source=tag_archive---------1-----------------------
Nearest Neighbour Methods With TensorFlow;Nearest neighbour methods are based on a simple idea. We consider our training set as the model and make predictions on new points based on how close they are to points in the training set. The most nave way;0;Bhanu Soni;AI In Plain English;2020;11;29;Neural Networks;6;102;0;https://medium.com/ai-in-plain-english/nearest-neighbour-methods-tensorflow-way-dde56b0258ee?source=tag_archive---------2-----------------------;https://medium.com/@sonibhanu06?source=tag_archive---------2-----------------------
RNN-based Architectures (Seq2Seq Model and Structured Attention Networks);Prior knowledge assumed;1;Nandini Krishnaswamy;NaN;2020;11;29;Neural Networks;9;15;0;https://medium.com/@nandinikrish/rnn-based-architectures-seq2seq-model-and-structured-attention-networks-7175ad6615e9?source=tag_archive---------3-----------------------;https://medium.com/@nandinikrish?source=tag_archive---------3-----------------------
5 Neural network architectures you must know for Computer Vision;In this article, I list my top 5;1;Catherine;NaN;2020;11;29;Neural Networks;13;2;0;https://medium.com/@catherinewheeler7491/5-neural-network-architectures-you-must-know-for-computer-vision-8b6194095c55?source=tag_archive---------4-----------------------;https://medium.com/@catherinewheeler7491?source=tag_archive---------4-----------------------
NaN;NaN;0;Elvin Agammed;NaN;2020;11;29;Neural Networks;0;0;1;https://towardsdatascience.com/time-based-cross-validation-d259b13d42b8?source=tag_archive---------5-----------------------;https://medium.com/@elvinaqa?source=tag_archive---------5-----------------------
AlexNet CNN architecture applied to the Dog vs Cats challenge;NaN;1;Isaac Kennedy Diniz Gomes;NaN;2020;11;29;Neural Networks;3;1;0;https://medium.com/@isaac-kennedy/alexnet-cnn-architecture-applied-to-the-dog-vs-cats-challenge-527009d7af38?source=tag_archive---------6-----------------------;https://medium.com/@isaac-kennedy?source=tag_archive---------6-----------------------
How machine learns;What is better learning from a teacher, or learning from your own experience? If you think learning from a teacher is better;1;Abdul Qadeer;NaN;2020;11;29;Neural Networks;3;0;0;https://medium.com/@abdulqadeerbettani/how-machine-learns-53209bb9e892?source=tag_archive---------7-----------------------;https://medium.com/@abdulqadeerbettani?source=tag_archive---------7-----------------------
Codeless Deep Learning with KNIME;A new book by Packt Publishing;1;Rosaria Silipo;NaN;2020;11;30;Neural Networks;4;112;0;https://medium.com/@rosaria-silipo/codeless-deep-learning-with-knime-7af1f0517394?source=tag_archive---------0-----------------------;https://medium.com/@rosaria-silipo?source=tag_archive---------0-----------------------
Complete Deep Learning Intuition;Its way easier than you would think.;1;Edward Wang;The Startup;2020;11;30;Neural Networks;18;305;0;https://medium.com/swlh/complete-deep-learning-intuition-43711204aec7?source=tag_archive---------1-----------------------;https://medium.com/@edwardwxng?source=tag_archive---------1-----------------------
How Does Your Google Assistant Really Work?;A technical rundown of how your Google Home device works.;1;mansi katarey;The Startup;2020;11;30;Neural Networks;4;145;0;https://medium.com/swlh/how-does-your-google-assistant-really-work-88c64d5dd38d?source=tag_archive---------2-----------------------;https://medium.com/@mansikatarey?source=tag_archive---------2-----------------------
FastAI bookDeep Learning for Coders with Fastai and PyTorch Chapter 1 Questionnaire answers;NaN;1;Po Ping;NaN;2020;11;30;Neural Networks;13;54;0;https://medium.com/@poping/fastai-book-deep-learning-for-coders-with-fastai-and-pytorch-chapter-1-questionnaire-answers-c4041f0b7c0e?source=tag_archive---------3-----------------------;https://medium.com/@poping?source=tag_archive---------3-----------------------
Classifying Dog Breeds Using Convolutional Neural Networks;NaN;1;Neel Popat;DataSeries;2020;11;30;Neural Networks;9;5;0;https://medium.com/dataseries/classifying-dog-breeds-using-convolutional-neural-networks-5b868472d25e?source=tag_archive---------4-----------------------;https://medium.com/@neel-pop?source=tag_archive---------4-----------------------
Quick Recap Before Learning Neural Networks;Artificial Intelligence, Deep Neural Network, and Machine Learning all seems like;1;Yung Han Jeong;NaN;2020;11;30;Neural Networks;3;175;0;https://medium.com/@yungh-jeong/quick-recap-before-learning-neural-networks-662555008895?source=tag_archive---------5-----------------------;https://medium.com/@yungh-jeong?source=tag_archive---------5-----------------------
COUSERA Machine Learning Week05; Cousera 5;1;Atsushi Ito;NaN;2020;11;30;Neural Networks;27;0;0;https://medium.com/@atsss/cousera-machine-learning-week05-b9ce9fa506db?source=tag_archive---------6-----------------------;https://medium.com/@atsss?source=tag_archive---------6-----------------------
ComBox NUC server for neural networks inference;NaN;1;ComBox Technology;NaN;2020;11;30;Neural Networks;2;0;0;https://medium.com/@ComBoxTech/combox-nuc-server-for-neural-networks-inference-f45f69f8d8b2?source=tag_archive---------7-----------------------;https://medium.com/@ComBoxTech?source=tag_archive---------7-----------------------
